recording_id,file_path,source_file,machine_type,machine_id,condition,classification_included,anomaly_included,snr_db,channel,sample_rate,duration_seconds,num_samples,sha256
fan_id_00_normal_00000025_80da26572c,audio/fan/id_00/normal/00000025.wav,0_dB_fan/fan/id_00/normal/00000025.wav,fan,id_00,normal,True,False,0,microphone_channel_1,16000,10.000000,160000,c96df6c199b4a8be27c826fa565ca148e59d3a8acbfae52c67229c0a906aadc6
fan_id_00_normal_00000026_7683cb94c3,audio/fan/id_00/normal/00000026.wav,0_dB_fan/fan/id_00/normal/00000026.wav,fan,id_00,normal,True,False,0,microphone_channel_1,16000,10.000000,160000,ef81f8f010023bf96a0afc3eb8f0300ce50c2d7897c5348ace1329cd6c9d5316
fan_id_00_normal_00000114_d54f14163d,audio/fan/id_00/normal/00000114.wav,0_dB_fan/fan/id_00/normal/00000114.wav,fan,id_00,normal,True,False,0,microphone_channel_1,16000,10.000000,160000,6971e66bdbe0226c2e395a99ab040cb43f2773fc3e14b8e2acc168639dd7b0ce
fan_id_00_normal_00000116_40dc056a77,audio/fan/id_00/normal/00000116.wav,0_dB_fan/fan/id_00/normal/00000116.wav,fan,id_00,normal,True,False,0,microphone_channel_1,16000,10.000000,160000,27e39f69a2d0077ba8e79ef38d8da625eee4bb7a6c9637924fc01fb66ee66be4
fan_id_00_normal_00000281_6806346013,audio/fan/id_00/normal/00000281.wav,0_dB_fan/fan/id_00/normal/00000281.wav,fan,id_00,normal,True,False,0,microphone_channel_1,16000,10.000000,160000,271b6d2c616ef3cb386d0f94c7156d61840b37aecb2115ed97076656cab427fd
fan_id_00_normal_00000284_16a4e89bfd,audio/fan/id_00/normal/00000284.wav,0_dB_fan/fan/id_00/normal/00000284.wav,fan,id_00,normal,True,False,0,microphone_channel_1,16000,10.000000,160000,afd8680f24431277ca5a61302f921e85f6bf624c7828e4b12af30fca85aa7228
fan_id_00_normal_00000654_fef64253bd,audio/fan/id_00/normal/00000654.wav,0_dB_fan/fan/id_00/normal/00000654.wav,fan,id_00,normal,True,False,0,microphone_channel_1,16000,10.000000,160000,258bd839279e9bce632950c4ff241870c1129c5c4077e4f6e8477d11ad2e82b3
fan_id_00_normal_00000658_7a25fbd8d3,audio/fan/id_00/normal/00000658.wav,0_dB_fan/fan/id_00/normal/00000658.wav,fan,id_00,normal,True,False,0,microphone_channel_1,16000,10.000000,160000,018a5ee9a437280bdbe081c99e700b7b3a40b327558ff28e7ad232563cdce11f
fan_id_00_normal_00000759_f3d1f62a23,audio/fan/id_00/normal/00000759.wav,0_dB_fan/fan/id_00/normal/00000759.wav,fan,id_00,normal,True,False,0,microphone_channel_1,16000,10.000000,160000,455333f6dc33a69a408ecc5b6065daad1badd0393ce6528a700329bd64ef96d8
fan_id_00_normal_00000764_2c9d5b60c8,audio/fan/id_00/normal/00000764.wav,0_dB_fan/fan/id_00/normal/00000764.wav,fan,id_00,normal,True,False,0,microphone_channel_1,16000,10.000000,160000,76e4b05942c4d836298348cde7d9056b9c14fbb32d60f2262240516bd2663285
fan_id_02_normal_00000104_fa2b51f6d1,audio/fan/id_02/normal/00000104.wav,0_dB_fan/fan/id_02/normal/00000104.wav,fan,id_02,normal,True,False,0,microphone_channel_1,16000,10.000000,160000,3aa4855c2077c5271b54fc54f1a69fdbe3131436add11bb5f4355a9d8abee3ff
fan_id_02_normal_00000105_0df523db7e,audio/fan/id_02/normal/00000105.wav,0_dB_fan/fan/id_02/normal/00000105.wav,fan,id_02,normal,True,False,0,microphone_channel_1,16000,10.000000,160000,781d4249cf5627d246824b8916deff894e71c46b0851f44695e7c0f9210a83f4
fan_id_02_normal_00000142_e127a88a5e,audio/fan/id_02/normal/00000142.wav,0_dB_fan/fan/id_02/normal/00000142.wav,fan,id_02,normal,True,False,0,microphone_channel_1,16000,10.000000,160000,1c61cab435062a8df2e295abed3c95820c26f9ac56460143e8bb9877b888987c
fan_id_02_normal_00000144_93a471771a,audio/fan/id_02/normal/00000144.wav,0_dB_fan/fan/id_02/normal/00000144.wav,fan,id_02,normal,True,False,0,microphone_channel_1,16000,10.000000,160000,5b9a32d046f726a1a52a50ea04ae7552a9726970781540a611363e3938edc576
fan_id_02_normal_00000228_f813506c14,audio/fan/id_02/normal/00000228.wav,0_dB_fan/fan/id_02/normal/00000228.wav,fan,id_02,normal,True,False,0,microphone_channel_1,16000,10.000000,160000,07bfc162e39131e088844317b11ee36f6ea24d954bc6e593ecb152c9754fa549
fan_id_02_normal_00000231_a38d7cb718,audio/fan/id_02/normal/00000231.wav,0_dB_fan/fan/id_02/normal/00000231.wav,fan,id_02,normal,True,False,0,microphone_channel_1,16000,10.000000,160000,48b65da176acc3007d5104d1c6b22a8f9af0484a0b0049cd3f08e7339ee43c62
fan_id_02_normal_00000250_9d08e83e08,audio/fan/id_02/normal/00000250.wav,0_dB_fan/fan/id_02/normal/00000250.wav,fan,id_02,normal,True,False,0,microphone_channel_1,16000,10.000000,160000,1b1121d8f60a9c0919e4f450ed42d9b49f3269a1afa84ad2f46d8f6b25c739a2
fan_id_02_normal_00000254_65aa4f818d,audio/fan/id_02/normal/00000254.wav,0_dB_fan/fan/id_02/normal/00000254.wav,fan,id_02,normal,True,False,0,microphone_channel_1,16000,10.000000,160000,f19c81a2390dfa21a47244389c4760955774bc6e3cffcef9c97dba1120ccdfa9
fan_id_02_normal_00000754_9d993fbe90,audio/fan/id_02/normal/00000754.wav,0_dB_fan/fan/id_02/normal/00000754.wav,fan,id_02,normal,True,False,0,microphone_channel_1,16000,10.000000,160000,299e961d7cf75e7ff2f7592e10b32c21be73da911cc06d11df4f7ce10febc009
fan_id_02_normal_00000759_2f2cc779be,audio/fan/id_02/normal/00000759.wav,0_dB_fan/fan/id_02/normal/00000759.wav,fan,id_02,normal,True,False,0,microphone_channel_1,16000,10.000000,160000,3798a1423014137fee15ef78f7b74e406c7a527bc4cc189679f5efb82ae71940
fan_id_04_normal_00000061_18677055f3,audio/fan/id_04/normal/00000061.wav,0_dB_fan/fan/id_04/normal/00000061.wav,fan,id_04,normal,True,False,0,microphone_channel_1,16000,10.000000,160000,7caa11224d398ec38115e4ab5990608a072ef5eb5d8cd343770d549682d899c5
fan_id_04_normal_00000062_8443f52df7,audio/fan/id_04/normal/00000062.wav,0_dB_fan/fan/id_04/normal/00000062.wav,fan,id_04,normal,True,False,0,microphone_channel_1,16000,10.000000,160000,c10026ab61e4e070d70eab44221419383b7c1c6cfff430eeab4ef4ed3d8deab3
fan_id_04_normal_00000065_c226d11c1b,audio/fan/id_04/normal/00000065.wav,0_dB_fan/fan/id_04/normal/00000065.wav,fan,id_04,normal,True,False,0,microphone_channel_1,16000,10.000000,160000,d5d1df0a554513b4a9a9d9f25391d529f0038a4528d3731cb495fbd2ed8ac1e2
fan_id_04_normal_00000067_946e2f4511,audio/fan/id_04/normal/00000067.wav,0_dB_fan/fan/id_04/normal/00000067.wav,fan,id_04,normal,True,False,0,microphone_channel_1,16000,10.000000,160000,76d40acb0591d25520a67d1a605f31f9e89595cf0ed70abe861976116face2e8
fan_id_04_normal_00000178_ca8ff9d839,audio/fan/id_04/normal/00000178.wav,0_dB_fan/fan/id_04/normal/00000178.wav,fan,id_04,normal,True,False,0,microphone_channel_1,16000,10.000000,160000,92000b75012e0631188664f7244ba48dc49b1077dd142dbb331718d4c5eabe0d
fan_id_04_normal_00000181_6c058bf651,audio/fan/id_04/normal/00000181.wav,0_dB_fan/fan/id_04/normal/00000181.wav,fan,id_04,normal,True,False,0,microphone_channel_1,16000,10.000000,160000,bd708dc4d1dfaaf47a199c39a98e95e2a0bccfb0fde673d0342bd743b72d1de4
fan_id_04_normal_00000191_f7e374c377,audio/fan/id_04/normal/00000191.wav,0_dB_fan/fan/id_04/normal/00000191.wav,fan,id_04,normal,True,False,0,microphone_channel_1,16000,10.000000,160000,55d87cc5f89e0fdd9717db9bb040e410c015ad430b16ee555b66965deab1c0bb
fan_id_04_normal_00000195_a3c6e0986f,audio/fan/id_04/normal/00000195.wav,0_dB_fan/fan/id_04/normal/00000195.wav,fan,id_04,normal,True,False,0,microphone_channel_1,16000,10.000000,160000,acc04351c28e45b4f1e468ae2e73476c1ef2774c70b2f4aeebabd78d1b2be010
fan_id_04_normal_00000864_2452e9dfad,audio/fan/id_04/normal/00000864.wav,0_dB_fan/fan/id_04/normal/00000864.wav,fan,id_04,normal,True,False,0,microphone_channel_1,16000,10.000000,160000,45b17146a9829aea29df6848c6d4e3b7a72dced6cc0deb1193dc0d2708163488
fan_id_04_normal_00000869_3df2578819,audio/fan/id_04/normal/00000869.wav,0_dB_fan/fan/id_04/normal/00000869.wav,fan,id_04,normal,True,False,0,microphone_channel_1,16000,10.000000,160000,28e109b7c9805d1e26ac04e57fc5f9b9bbaa61e3ff78efc5be4c0819fd25bfa4
fan_id_06_anomaly_00000024_29bbd72c01,audio/fan/id_06/anomaly/00000024.wav,0_dB_fan/fan/id_06/abnormal/00000024.wav,fan,id_06,anomaly,False,True,0,microphone_channel_1,16000,10.000000,160000,2c6d869dce0e9e354c4b8c0c355a2d07dd1ba2c29b7b65cf8c6597e2020ceb93
fan_id_06_anomaly_00000046_e214f389a6,audio/fan/id_06/anomaly/00000046.wav,0_dB_fan/fan/id_06/abnormal/00000046.wav,fan,id_06,anomaly,False,True,0,microphone_channel_1,16000,10.000000,160000,58321f8c470ad72710a29ca2d2664e5a92f68943c267f6a679e41462909cc5be
fan_id_06_anomaly_00000056_441cb6afa4,audio/fan/id_06/anomaly/00000056.wav,0_dB_fan/fan/id_06/abnormal/00000056.wav,fan,id_06,anomaly,False,True,0,microphone_channel_1,16000,10.000000,160000,2909e81ca51a0cae2a55f96d6cb389097d0e3f112346db60fee4da1bde7e18f0
fan_id_06_anomaly_00000070_c73f846683,audio/fan/id_06/anomaly/00000070.wav,0_dB_fan/fan/id_06/abnormal/00000070.wav,fan,id_06,anomaly,False,True,0,microphone_channel_1,16000,10.000000,160000,73bbd8b0798411d4e19ea1c6428df2b8f2342c7abef00c6d300131ba4a565ea5
fan_id_06_anomaly_00000078_7fa8c854a8,audio/fan/id_06/anomaly/00000078.wav,0_dB_fan/fan/id_06/abnormal/00000078.wav,fan,id_06,anomaly,False,True,0,microphone_channel_1,16000,10.000000,160000,eee5abdbfd154ceb2de87a595aa76266c2aa8855e6d1676dafe098c1f3df9a81
fan_id_06_anomaly_00000081_6f57ba899d,audio/fan/id_06/anomaly/00000081.wav,0_dB_fan/fan/id_06/abnormal/00000081.wav,fan,id_06,anomaly,False,True,0,microphone_channel_1,16000,10.000000,160000,f92a266551d91235ae6bd8f235e1b1c1b4d0246cba88b3000c98b91fea918e5d
fan_id_06_anomaly_00000112_c91360a285,audio/fan/id_06/anomaly/00000112.wav,0_dB_fan/fan/id_06/abnormal/00000112.wav,fan,id_06,anomaly,False,True,0,microphone_channel_1,16000,10.000000,160000,38ffaaa53dfc84d0ff6937014215e48ba3b5c3b02b53205d36028f2d7ba0a7dc
fan_id_06_anomaly_00000126_d8b6f5bb51,audio/fan/id_06/anomaly/00000126.wav,0_dB_fan/fan/id_06/abnormal/00000126.wav,fan,id_06,anomaly,False,True,0,microphone_channel_1,16000,10.000000,160000,da6019b939aacb5555e45172e7bba0184c6c6c2eed77332d57be7b9ba69d385a
fan_id_06_anomaly_00000134_dfc9a31d5e,audio/fan/id_06/anomaly/00000134.wav,0_dB_fan/fan/id_06/abnormal/00000134.wav,fan,id_06,anomaly,False,True,0,microphone_channel_1,16000,10.000000,160000,e426e8fe2e066d4c1c82fc4220b8b69d26be7553c63971e7e8a84fad7468251f
fan_id_06_anomaly_00000185_874f9e002b,audio/fan/id_06/anomaly/00000185.wav,0_dB_fan/fan/id_06/abnormal/00000185.wav,fan,id_06,anomaly,False,True,0,microphone_channel_1,16000,10.000000,160000,92e811b7afa77857388619fb7655ac338c54906ee4f1924b4753c250c8bc1ba0
fan_id_06_anomaly_00000204_1507d2dac4,audio/fan/id_06/anomaly/00000204.wav,0_dB_fan/fan/id_06/abnormal/00000204.wav,fan,id_06,anomaly,False,True,0,microphone_channel_1,16000,10.000000,160000,1b9a120228434ace28399f1e0d37391e151f7a7a26757dad15a6039b0bc48212
fan_id_06_anomaly_00000219_649c6d887b,audio/fan/id_06/anomaly/00000219.wav,0_dB_fan/fan/id_06/abnormal/00000219.wav,fan,id_06,anomaly,False,True,0,microphone_channel_1,16000,10.000000,160000,2d555b755e9a25c92c9af473382e7ed27a1d2146c6e2743551b8c91222c4bb72
fan_id_06_anomaly_00000252_6ce5aaa94d,audio/fan/id_06/anomaly/00000252.wav,0_dB_fan/fan/id_06/abnormal/00000252.wav,fan,id_06,anomaly,False,True,0,microphone_channel_1,16000,10.000000,160000,e5023ce789c2e64982aa3074b53f334fd050e6be1bb27ddf26b316b1244023df
fan_id_06_anomaly_00000260_4fb37db226,audio/fan/id_06/anomaly/00000260.wav,0_dB_fan/fan/id_06/abnormal/00000260.wav,fan,id_06,anomaly,False,True,0,microphone_channel_1,16000,10.000000,160000,6d4675888eb2ed97e96635d19810fad5d1c9a7512dacc0846764f6afbb18f55b
fan_id_06_anomaly_00000275_6772b58c4e,audio/fan/id_06/anomaly/00000275.wav,0_dB_fan/fan/id_06/abnormal/00000275.wav,fan,id_06,anomaly,False,True,0,microphone_channel_1,16000,10.000000,160000,f5c770515ed0f4f39502365696b4b77b8a983ed37cd0962bf88f41b32d1c8c77
fan_id_06_anomaly_00000287_b47660e2f9,audio/fan/id_06/anomaly/00000287.wav,0_dB_fan/fan/id_06/abnormal/00000287.wav,fan,id_06,anomaly,False,True,0,microphone_channel_1,16000,10.000000,160000,b7052f80910b341b50932ea1d02f6f84aa9f50a21280b28a2a02098d49472af7
fan_id_06_anomaly_00000298_6317c68f83,audio/fan/id_06/anomaly/00000298.wav,0_dB_fan/fan/id_06/abnormal/00000298.wav,fan,id_06,anomaly,False,True,0,microphone_channel_1,16000,10.000000,160000,c159372eadcdeb1c2e19d987d473805666e5db2383785ef42aece97c7525ff1b
fan_id_06_anomaly_00000299_1c873d84d9,audio/fan/id_06/anomaly/00000299.wav,0_dB_fan/fan/id_06/abnormal/00000299.wav,fan,id_06,anomaly,False,True,0,microphone_channel_1,16000,10.000000,160000,65040c58896c416218110f7d3fb6cfd534726bae9ebeed33d5984199ac666421
fan_id_06_anomaly_00000321_89fd76e111,audio/fan/id_06/anomaly/00000321.wav,0_dB_fan/fan/id_06/abnormal/00000321.wav,fan,id_06,anomaly,False,True,0,microphone_channel_1,16000,10.000000,160000,c6a81500f8a8f8816b0ee49fb3146d63dc4f3a99031a0742d4d443b938c99ba6
fan_id_06_anomaly_00000348_d180a687b5,audio/fan/id_06/anomaly/00000348.wav,0_dB_fan/fan/id_06/abnormal/00000348.wav,fan,id_06,anomaly,False,True,0,microphone_channel_1,16000,10.000000,160000,b40d9f7686efe93c4a52c671dbee21db2168ed2002e5558dcc3d38b761245a0e
fan_id_06_normal_00000027_845484d015,audio/fan/id_06/normal/00000027.wav,0_dB_fan/fan/id_06/normal/00000027.wav,fan,id_06,normal,True,True,0,microphone_channel_1,16000,10.000000,160000,b11f0108f9f0a8fd7cae63ad030fecc3adcd06b0a1b99e9bb681f640aeabeb79
fan_id_06_normal_00000033_05425c3eb3,audio/fan/id_06/normal/00000033.wav,0_dB_fan/fan/id_06/normal/00000033.wav,fan,id_06,normal,False,True,0,microphone_channel_1,16000,10.000000,160000,6ab4506b193f39324e098ade297e4e675c8861b2d48ef153debda8dd555c235c
fan_id_06_normal_00000058_43494247da,audio/fan/id_06/normal/00000058.wav,0_dB_fan/fan/id_06/normal/00000058.wav,fan,id_06,normal,True,True,0,microphone_channel_1,16000,10.000000,160000,e868c6ba27620a385e3ce580e08f0dd1ef996618167027412c8620dc21e52e41
fan_id_06_normal_00000068_b5040f32b7,audio/fan/id_06/normal/00000068.wav,0_dB_fan/fan/id_06/normal/00000068.wav,fan,id_06,normal,False,True,0,microphone_channel_1,16000,10.000000,160000,e922c316d044f88b8d87f2c0a6ee582d0a9a9d22df1a476d68307b4d0e46239c
fan_id_06_normal_00000143_c8b04f04d5,audio/fan/id_06/normal/00000143.wav,0_dB_fan/fan/id_06/normal/00000143.wav,fan,id_06,normal,False,True,0,microphone_channel_1,16000,10.000000,160000,2edaedee69e617bb89e83a2b5b0ab0a196b5891f7e6f7d2c3b2388aeef10e9c7
fan_id_06_normal_00000147_a4cb346a2c,audio/fan/id_06/normal/00000147.wav,0_dB_fan/fan/id_06/normal/00000147.wav,fan,id_06,normal,False,True,0,microphone_channel_1,16000,10.000000,160000,828abd496159c8887b97391322e1406cfec1dfeadf791f7168308b35635bda1c
fan_id_06_normal_00000168_3cca4d259f,audio/fan/id_06/normal/00000168.wav,0_dB_fan/fan/id_06/normal/00000168.wav,fan,id_06,normal,False,True,0,microphone_channel_1,16000,10.000000,160000,0f089a7b2b048dee8c8f8d2c4aab21b5252f40297b80f9a3df83fbbf048425f6
fan_id_06_normal_00000176_c1cfed1314,audio/fan/id_06/normal/00000176.wav,0_dB_fan/fan/id_06/normal/00000176.wav,fan,id_06,normal,False,True,0,microphone_channel_1,16000,10.000000,160000,d29297f78d9e972c93606192d7e5d25ce82e5c8555475115038741a68ba9942b
fan_id_06_normal_00000217_cfa7994835,audio/fan/id_06/normal/00000217.wav,0_dB_fan/fan/id_06/normal/00000217.wav,fan,id_06,normal,False,True,0,microphone_channel_1,16000,10.000000,160000,313640f0278b98f00384ca8a8f8cd0dd146a61ddc84afd52b19b8cc006574c27
fan_id_06_normal_00000218_5f9dc372ac,audio/fan/id_06/normal/00000218.wav,0_dB_fan/fan/id_06/normal/00000218.wav,fan,id_06,normal,False,True,0,microphone_channel_1,16000,10.000000,160000,d4805d4c49591b121339b8471d23bea7b0dc9ec62fbac7e4bb40a38a77fc874f
fan_id_06_normal_00000223_fd7f075bb1,audio/fan/id_06/normal/00000223.wav,0_dB_fan/fan/id_06/normal/00000223.wav,fan,id_06,normal,True,True,0,microphone_channel_1,16000,10.000000,160000,613b7dd8a4a2d4d7049449c568c3dcf421ffe4d9cede3604a014e9507ed7b676
fan_id_06_normal_00000226_0b85c8c5b0,audio/fan/id_06/normal/00000226.wav,0_dB_fan/fan/id_06/normal/00000226.wav,fan,id_06,normal,False,True,0,microphone_channel_1,16000,10.000000,160000,47e09929ee78923239df21a6d50435672fd9b1aae8a26cdc9c3da916d4bb07d6
fan_id_06_normal_00000236_75f6a89271,audio/fan/id_06/normal/00000236.wav,0_dB_fan/fan/id_06/normal/00000236.wav,fan,id_06,normal,False,True,0,microphone_channel_1,16000,10.000000,160000,cf61829f336e20a116b39bf86b0ca87e5f6de03f517799a7887ffc129024856f
fan_id_06_normal_00000238_ac05d55323,audio/fan/id_06/normal/00000238.wav,0_dB_fan/fan/id_06/normal/00000238.wav,fan,id_06,normal,True,True,0,microphone_channel_1,16000,10.000000,160000,56beed1b19cf130d588e3f4890824a1a1ed4cd16d5d08f477a1095975a0c2095
fan_id_06_normal_00000253_0932e1a24f,audio/fan/id_06/normal/00000253.wav,0_dB_fan/fan/id_06/normal/00000253.wav,fan,id_06,normal,False,True,0,microphone_channel_1,16000,10.000000,160000,87bbc5fe4baf502dbfe23f73959ffbd02cff6f49dd03038587030f03e921cd24
fan_id_06_normal_00000274_0539f89179,audio/fan/id_06/normal/00000274.wav,0_dB_fan/fan/id_06/normal/00000274.wav,fan,id_06,normal,False,True,0,microphone_channel_1,16000,10.000000,160000,278e87c6015d78790b390570a996b501f62ce13632e9b44485bda7720bf84870
fan_id_06_normal_00000277_4359786550,audio/fan/id_06/normal/00000277.wav,0_dB_fan/fan/id_06/normal/00000277.wav,fan,id_06,normal,True,True,0,microphone_channel_1,16000,10.000000,160000,14765b985a695bcfb68617eb373f0d0d93e8892af36d1518c48496c7b614254a
fan_id_06_normal_00000279_e4388dbbee,audio/fan/id_06/normal/00000279.wav,0_dB_fan/fan/id_06/normal/00000279.wav,fan,id_06,normal,True,True,0,microphone_channel_1,16000,10.000000,160000,940efa8b3115878ca9590cfdedd88e716b6a36264e7537b7b6fefb8cf97ca5f2
fan_id_06_normal_00000325_c2dd5817bf,audio/fan/id_06/normal/00000325.wav,0_dB_fan/fan/id_06/normal/00000325.wav,fan,id_06,normal,False,True,0,microphone_channel_1,16000,10.000000,160000,5135f52cc2fd03d6a347829a0ddfa6a9327e70a26bfd1b1978cef35f94ad8804
fan_id_06_normal_00000326_983d49ee63,audio/fan/id_06/normal/00000326.wav,0_dB_fan/fan/id_06/normal/00000326.wav,fan,id_06,normal,False,True,0,microphone_channel_1,16000,10.000000,160000,029cc8360fc2d7b3d49a6dde5f5671eda8051cb535cf551970c54565025d66c3
fan_id_06_normal_00000335_f672749500,audio/fan/id_06/normal/00000335.wav,0_dB_fan/fan/id_06/normal/00000335.wav,fan,id_06,normal,False,True,0,microphone_channel_1,16000,10.000000,160000,3ee5b85d6ab058ff50d78151fe94503233a3038fd2668f563deee6601f3890d0
fan_id_06_normal_00000391_327a21fe4d,audio/fan/id_06/normal/00000391.wav,0_dB_fan/fan/id_06/normal/00000391.wav,fan,id_06,normal,False,True,0,microphone_channel_1,16000,10.000000,160000,e0c2a6fc88c397a781e698f69f6e09af30bff122cb282253a9475821bb8c9fcd
fan_id_06_normal_00000408_71ee3c5fea,audio/fan/id_06/normal/00000408.wav,0_dB_fan/fan/id_06/normal/00000408.wav,fan,id_06,normal,False,True,0,microphone_channel_1,16000,10.000000,160000,b7e59727b6378092d70e7bcdc45281edff14bff9ee5eee75d8c7fd0947b66503
fan_id_06_normal_00000413_643d865c1c,audio/fan/id_06/normal/00000413.wav,0_dB_fan/fan/id_06/normal/00000413.wav,fan,id_06,normal,False,True,0,microphone_channel_1,16000,10.000000,160000,66dac12e299e6226e81d8a4cdc8095be470f58b3f43f25b40101351671e55108
fan_id_06_normal_00000472_e97cf7c5cf,audio/fan/id_06/normal/00000472.wav,0_dB_fan/fan/id_06/normal/00000472.wav,fan,id_06,normal,False,True,0,microphone_channel_1,16000,10.000000,160000,ca8a0e6f0f7473c2247e4b00d654677d33764ed11472c54f12b949c37dab5a57
fan_id_06_normal_00000476_c6b5df3928,audio/fan/id_06/normal/00000476.wav,0_dB_fan/fan/id_06/normal/00000476.wav,fan,id_06,normal,False,True,0,microphone_channel_1,16000,10.000000,160000,93fac3564770f2a207710e4450254d70306157e631d201a14188f520dde7c45f
fan_id_06_normal_00000514_f475267c1c,audio/fan/id_06/normal/00000514.wav,0_dB_fan/fan/id_06/normal/00000514.wav,fan,id_06,normal,False,True,0,microphone_channel_1,16000,10.000000,160000,1f0745dcb148eaead913b87885905fe6e95eaef74e48216943399d21a0d76da8
fan_id_06_normal_00000517_eca461d1f5,audio/fan/id_06/normal/00000517.wav,0_dB_fan/fan/id_06/normal/00000517.wav,fan,id_06,normal,True,True,0,microphone_channel_1,16000,10.000000,160000,4b133a8ab1f580e6fb141839cbe73ddb44de473bd063164df1c78cefb80358b4
fan_id_06_normal_00000550_76e3b9906c,audio/fan/id_06/normal/00000550.wav,0_dB_fan/fan/id_06/normal/00000550.wav,fan,id_06,normal,False,True,0,microphone_channel_1,16000,10.000000,160000,f8067bd270c6a180b7590f64e46e610f9ed7c3b89910e05a6d71322cfef7567d
fan_id_06_normal_00000574_1f039c1c6a,audio/fan/id_06/normal/00000574.wav,0_dB_fan/fan/id_06/normal/00000574.wav,fan,id_06,normal,False,True,0,microphone_channel_1,16000,10.000000,160000,bcd7aa6088575e51a36811cc4c61e765609beb82b55e3cd07d22d788691512bc
fan_id_06_normal_00000584_fc93f9e955,audio/fan/id_06/normal/00000584.wav,0_dB_fan/fan/id_06/normal/00000584.wav,fan,id_06,normal,False,True,0,microphone_channel_1,16000,10.000000,160000,40b1c74330940dc302b4fcca6d33f0388f18f83595e255704dfd7a400f6a65a9
fan_id_06_normal_00000616_c2fccadda3,audio/fan/id_06/normal/00000616.wav,0_dB_fan/fan/id_06/normal/00000616.wav,fan,id_06,normal,True,True,0,microphone_channel_1,16000,10.000000,160000,096761d1907e711264ceedbb7bcfecdfd09db75e037ad5eabddd195729bca4cd
fan_id_06_normal_00000660_25aabd15cc,audio/fan/id_06/normal/00000660.wav,0_dB_fan/fan/id_06/normal/00000660.wav,fan,id_06,normal,False,True,0,microphone_channel_1,16000,10.000000,160000,eaf9a79cceba90a86f58a728b0ea9764bde1856f047749f4d8abba1484a629ca
fan_id_06_normal_00000663_8fa84d9989,audio/fan/id_06/normal/00000663.wav,0_dB_fan/fan/id_06/normal/00000663.wav,fan,id_06,normal,False,True,0,microphone_channel_1,16000,10.000000,160000,8e50eb9ae0f139080e7409a8917657c91c853bc15994f1767a28300430043118
fan_id_06_normal_00000676_3a7f1c18da,audio/fan/id_06/normal/00000676.wav,0_dB_fan/fan/id_06/normal/00000676.wav,fan,id_06,normal,False,True,0,microphone_channel_1,16000,10.000000,160000,1d3e3adf2c4dd6496d4b0cf0ec307a02ad0f5fcf78577318336e73434bbd8d85
fan_id_06_normal_00000706_16cca2c28b,audio/fan/id_06/normal/00000706.wav,0_dB_fan/fan/id_06/normal/00000706.wav,fan,id_06,normal,False,True,0,microphone_channel_1,16000,10.000000,160000,35e9d7e4feb8f9157725152e322f81713c90374ebed6de346aff0c3809e07546
fan_id_06_normal_00000709_42d09a6ab3,audio/fan/id_06/normal/00000709.wav,0_dB_fan/fan/id_06/normal/00000709.wav,fan,id_06,normal,False,True,0,microphone_channel_1,16000,10.000000,160000,dcf82e084dd1099d9859033cd5f7f16bcba2c1e35847dd6cbd340d2e8a8bd95a
fan_id_06_normal_00000740_c5c2ff5666,audio/fan/id_06/normal/00000740.wav,0_dB_fan/fan/id_06/normal/00000740.wav,fan,id_06,normal,True,True,0,microphone_channel_1,16000,10.000000,160000,39b9b1805239406eb23600bc023b8a4be08df7d6bef5728e9b526f6b6f895535
fan_id_06_normal_00000751_5402ac50fa,audio/fan/id_06/normal/00000751.wav,0_dB_fan/fan/id_06/normal/00000751.wav,fan,id_06,normal,False,True,0,microphone_channel_1,16000,10.000000,160000,73aa8d7d2a30eb2985ce9e1e31ebe5a8360669eba923a700c8089f107e12b8b2
fan_id_06_normal_00000791_ec68d28ac6,audio/fan/id_06/normal/00000791.wav,0_dB_fan/fan/id_06/normal/00000791.wav,fan,id_06,normal,False,True,0,microphone_channel_1,16000,10.000000,160000,8d74a9feba24419c535675a605ade583075550a35b9a2c5f9bae45a2ddb27f05
fan_id_06_normal_00000799_8825ece494,audio/fan/id_06/normal/00000799.wav,0_dB_fan/fan/id_06/normal/00000799.wav,fan,id_06,normal,False,True,0,microphone_channel_1,16000,10.000000,160000,e20ba4c51876600d74234696b73906f7c3f31bdcda62cd2f25faa0f639337472
fan_id_06_normal_00000829_0bd4977cd2,audio/fan/id_06/normal/00000829.wav,0_dB_fan/fan/id_06/normal/00000829.wav,fan,id_06,normal,False,True,0,microphone_channel_1,16000,10.000000,160000,752c9eaee99bcc30d7505d29ebec8fdd7487cf4355345fa4b5546cc48b5aced8
fan_id_06_normal_00000846_92990cc0c7,audio/fan/id_06/normal/00000846.wav,0_dB_fan/fan/id_06/normal/00000846.wav,fan,id_06,normal,False,True,0,microphone_channel_1,16000,10.000000,160000,c0691ca7188b99620b84fbe811f139aff0e48bd678f529f8f0f601f7dd322eef
fan_id_06_normal_00000868_10638e9c9a,audio/fan/id_06/normal/00000868.wav,0_dB_fan/fan/id_06/normal/00000868.wav,fan,id_06,normal,True,True,0,microphone_channel_1,16000,10.000000,160000,cd85c61b597a9a8332dbca14391e0e42bde2df832416b7eed4b79b2f45c2ef2c
fan_id_06_normal_00000902_1ca66519b5,audio/fan/id_06/normal/00000902.wav,0_dB_fan/fan/id_06/normal/00000902.wav,fan,id_06,normal,False,True,0,microphone_channel_1,16000,10.000000,160000,4fd5683cfad9c634d4d9c907cf844f612fae508d1a269cf985d94967ff923851
fan_id_06_normal_00000910_511461fb6c,audio/fan/id_06/normal/00000910.wav,0_dB_fan/fan/id_06/normal/00000910.wav,fan,id_06,normal,False,True,0,microphone_channel_1,16000,10.000000,160000,91d60c2389725669a25205cc472fe16a2199d60ad31f8f1bb420df7554c00bea
fan_id_06_normal_00000940_0d465256fe,audio/fan/id_06/normal/00000940.wav,0_dB_fan/fan/id_06/normal/00000940.wav,fan,id_06,normal,False,True,0,microphone_channel_1,16000,10.000000,160000,f2ca863b39789432de7fc0512798d89252c3e33af280332906bd2158a432156d
fan_id_06_normal_00000941_a7ec137e05,audio/fan/id_06/normal/00000941.wav,0_dB_fan/fan/id_06/normal/00000941.wav,fan,id_06,normal,False,True,0,microphone_channel_1,16000,10.000000,160000,905a02de5a04d0bf211dd3e233b38de00c20cd53fb6e6cb1ea8d29dc37980a3a
fan_id_06_normal_00000952_eb8319240c,audio/fan/id_06/normal/00000952.wav,0_dB_fan/fan/id_06/normal/00000952.wav,fan,id_06,normal,False,True,0,microphone_channel_1,16000,10.000000,160000,8742aa1464aaee845e07a28e6c1fef952c7ae7be40db0a2ace63d823f6805a8c
fan_id_06_normal_00000970_500840f989,audio/fan/id_06/normal/00000970.wav,0_dB_fan/fan/id_06/normal/00000970.wav,fan,id_06,normal,False,True,0,microphone_channel_1,16000,10.000000,160000,b4b844089f7768e8165229cf6ea231a9a30d1b04a23d605d30c17c7df7c49dbe
pump_id_00_normal_00000203_446df3532f,audio/pump/id_00/normal/00000203.wav,0_dB_pump/pump/id_00/normal/00000203.wav,pump,id_00,normal,True,False,0,microphone_channel_1,16000,10.000000,160000,4ccfb3346d28a9b583155b8fb7cbcd18fd927f252741a72527d6fe63c37da9ac
pump_id_00_normal_00000204_6a06df7ec6,audio/pump/id_00/normal/00000204.wav,0_dB_pump/pump/id_00/normal/00000204.wav,pump,id_00,normal,True,False,0,microphone_channel_1,16000,10.000000,160000,852451c695fc9a83e01ddd291bee558c9e326e494de28d7bd82e79476df33c2d
pump_id_00_normal_00000574_d16c4b9108,audio/pump/id_00/normal/00000574.wav,0_dB_pump/pump/id_00/normal/00000574.wav,pump,id_00,normal,True,False,0,microphone_channel_1,16000,10.000000,160000,37d1a7ce8aacc0ea07280b6f47fe4792b90abb5723d51fefb450a59d408137d7
pump_id_00_normal_00000576_cd9dbae353,audio/pump/id_00/normal/00000576.wav,0_dB_pump/pump/id_00/normal/00000576.wav,pump,id_00,normal,True,False,0,microphone_channel_1,16000,10.000000,160000,6bc8002c9f0e68c99c46e083f92ea9f89f72e417e81db47a93f713ac20b11ee5
pump_id_00_normal_00000665_af839a5634,audio/pump/id_00/normal/00000665.wav,0_dB_pump/pump/id_00/normal/00000665.wav,pump,id_00,normal,True,False,0,microphone_channel_1,16000,10.000000,160000,d3b3ab46f6f38226e3a38b0f475ca3bf6765c682346e7a3cc8f76b5f8b696e46
pump_id_00_normal_00000668_9a05339db6,audio/pump/id_00/normal/00000668.wav,0_dB_pump/pump/id_00/normal/00000668.wav,pump,id_00,normal,True,False,0,microphone_channel_1,16000,10.000000,160000,865e5dcdf13d2fcd164115c236461553f7114b1288f52a2d5f07c18ce83cee85
pump_id_00_normal_00000718_c85604c8ec,audio/pump/id_00/normal/00000718.wav,0_dB_pump/pump/id_00/normal/00000718.wav,pump,id_00,normal,True,False,0,microphone_channel_1,16000,10.000000,160000,bfa905483ee37c2aff0fbb393e78ed983df603fdddbeb9ffa258c3fd7f46a716
pump_id_00_normal_00000722_99a7820fe4,audio/pump/id_00/normal/00000722.wav,0_dB_pump/pump/id_00/normal/00000722.wav,pump,id_00,normal,True,False,0,microphone_channel_1,16000,10.000000,160000,0e559754a5d4606845ee4c54cb19e9722b7ebf96ff520046965af4d281d7c07f
pump_id_00_normal_00000733_0b40080e57,audio/pump/id_00/normal/00000733.wav,0_dB_pump/pump/id_00/normal/00000733.wav,pump,id_00,normal,True,False,0,microphone_channel_1,16000,10.000000,160000,75b2cb3c200d9f52cfb2f004519cdb3b319f3a0b09e742df4a49d06ca40df658
pump_id_00_normal_00000738_c0761f50da,audio/pump/id_00/normal/00000738.wav,0_dB_pump/pump/id_00/normal/00000738.wav,pump,id_00,normal,True,False,0,microphone_channel_1,16000,10.000000,160000,45e31b6d3e222a2836188723f3bcf261c457a17031b229c866cc009ff155a523
pump_id_02_normal_00000225_2e781df6be,audio/pump/id_02/normal/00000225.wav,0_dB_pump/pump/id_02/normal/00000225.wav,pump,id_02,normal,True,False,0,microphone_channel_1,16000,10.000000,160000,781a564c3e63171833ff29b20355e386e71f8e4757e94dbc0036f02f2495e5cd
pump_id_02_normal_00000226_021a55c8b0,audio/pump/id_02/normal/00000226.wav,0_dB_pump/pump/id_02/normal/00000226.wav,pump,id_02,normal,True,False,0,microphone_channel_1,16000,10.000000,160000,f91937021eba5064fd075256bc06e84a041c7543c0868139f6e58660d484efaa
pump_id_02_normal_00000429_c95bc1ac86,audio/pump/id_02/normal/00000429.wav,0_dB_pump/pump/id_02/normal/00000429.wav,pump,id_02,normal,True,False,0,microphone_channel_1,16000,10.000000,160000,eafd0887076e2e99266d85b69284dcc2ffa195beb539422a841bb459becfeb96
pump_id_02_normal_00000431_24244bd312,audio/pump/id_02/normal/00000431.wav,0_dB_pump/pump/id_02/normal/00000431.wav,pump,id_02,normal,True,False,0,microphone_channel_1,16000,10.000000,160000,a9f03d8a0b8089ce2ce10b44f1e76b59c51dece3ab4652fb5f64ae4793cedd8e
pump_id_02_normal_00000459_fdf1f57b50,audio/pump/id_02/normal/00000459.wav,0_dB_pump/pump/id_02/normal/00000459.wav,pump,id_02,normal,True,False,0,microphone_channel_1,16000,10.000000,160000,2a1ca449b293f555805aed50eaccbbda8b073060ad6ed02cd0bc1a0b920c6537
pump_id_02_normal_00000462_efeed91aa6,audio/pump/id_02/normal/00000462.wav,0_dB_pump/pump/id_02/normal/00000462.wav,pump,id_02,normal,True,False,0,microphone_channel_1,16000,10.000000,160000,d8459ec25f17d1998f770ee8231c0ae192cad2baba996a50521138a6e5405dfb
pump_id_02_normal_00000558_4098480b45,audio/pump/id_02/normal/00000558.wav,0_dB_pump/pump/id_02/normal/00000558.wav,pump,id_02,normal,True,False,0,microphone_channel_1,16000,10.000000,160000,d50465385ecac2c5e4d0ab6afe3778f77df68d69fc44026032601b6ed4768358
pump_id_02_normal_00000562_12b5abbae6,audio/pump/id_02/normal/00000562.wav,0_dB_pump/pump/id_02/normal/00000562.wav,pump,id_02,normal,True,False,0,microphone_channel_1,16000,10.000000,160000,739cfe4eee5e5e0e24a824e2f1419d3ebf8cdf4f2e90cf26a1d077da431d01bd
pump_id_02_normal_00000603_ec879c72ef,audio/pump/id_02/normal/00000603.wav,0_dB_pump/pump/id_02/normal/00000603.wav,pump,id_02,normal,True,False,0,microphone_channel_1,16000,10.000000,160000,a99573fa4caf9d41f2be1cdaf1779470d1ba07bf7e5e7bbea9cabf640a1fbac0
pump_id_02_normal_00000608_be449e47d7,audio/pump/id_02/normal/00000608.wav,0_dB_pump/pump/id_02/normal/00000608.wav,pump,id_02,normal,True,False,0,microphone_channel_1,16000,10.000000,160000,698f40e4300821220958091b48c3140635898a0ef52927f3c36db490a5a0d79b
pump_id_04_normal_00000006_d080fdedc3,audio/pump/id_04/normal/00000006.wav,0_dB_pump/pump/id_04/normal/00000006.wav,pump,id_04,normal,True,False,0,microphone_channel_1,16000,10.000000,160000,2e41fa2b93c7bee44e1cb44e93078499e9c06ca8d8a19789cbbc098aa9d3cc69
pump_id_04_normal_00000007_9fd90b4107,audio/pump/id_04/normal/00000007.wav,0_dB_pump/pump/id_04/normal/00000007.wav,pump,id_04,normal,True,False,0,microphone_channel_1,16000,10.000000,160000,72606bcb09a3a332a52dac2a1b864ef2b507e423411af653bf394d153c720208
pump_id_04_normal_00000163_5cafd5083e,audio/pump/id_04/normal/00000163.wav,0_dB_pump/pump/id_04/normal/00000163.wav,pump,id_04,normal,True,False,0,microphone_channel_1,16000,10.000000,160000,4dfd2bb747408bde9d4f8272e28822e57cbd4fd93b4819a375637992dfff5ca3
pump_id_04_normal_00000165_5119fbde56,audio/pump/id_04/normal/00000165.wav,0_dB_pump/pump/id_04/normal/00000165.wav,pump,id_04,normal,True,False,0,microphone_channel_1,16000,10.000000,160000,6c85a9b40cd790cdb1bb38a2226e76230b799164827a4c77b18cc557ca76b558
pump_id_04_normal_00000284_99d814e855,audio/pump/id_04/normal/00000284.wav,0_dB_pump/pump/id_04/normal/00000284.wav,pump,id_04,normal,True,False,0,microphone_channel_1,16000,10.000000,160000,ab120091eb7328d25b12477d9ccc4a62e29d4727477fe777b8bf6c0d729e2e51
pump_id_04_normal_00000287_5b896d13df,audio/pump/id_04/normal/00000287.wav,0_dB_pump/pump/id_04/normal/00000287.wav,pump,id_04,normal,True,False,0,microphone_channel_1,16000,10.000000,160000,9f53ab8e512fe11ec4407e0c21c80e19464f0cd45af9e2e47a481e174dc01363
pump_id_04_normal_00000348_605c9100ee,audio/pump/id_04/normal/00000348.wav,0_dB_pump/pump/id_04/normal/00000348.wav,pump,id_04,normal,True,False,0,microphone_channel_1,16000,10.000000,160000,c7156c152a04eb384a5c654dd23d22d2610926ed740025f406b2e4468cac19cc
pump_id_04_normal_00000352_48e7f970fd,audio/pump/id_04/normal/00000352.wav,0_dB_pump/pump/id_04/normal/00000352.wav,pump,id_04,normal,True,False,0,microphone_channel_1,16000,10.000000,160000,a8421e567b1fbaa24b1f2f1ea906d7dded340d9eba53e6fdc897adf0864eda1f
pump_id_04_normal_00000432_fbcc5f5f4d,audio/pump/id_04/normal/00000432.wav,0_dB_pump/pump/id_04/normal/00000432.wav,pump,id_04,normal,True,False,0,microphone_channel_1,16000,10.000000,160000,046de33e62b60659ed41c451da0ded279c857c06cc819576366fc5d5d90c7fd1
pump_id_04_normal_00000437_05547f08fd,audio/pump/id_04/normal/00000437.wav,0_dB_pump/pump/id_04/normal/00000437.wav,pump,id_04,normal,True,False,0,microphone_channel_1,16000,10.000000,160000,7e77638c72555bd07b60558a1cd907291ccebd06e1abde50ac270e371a4f9b62
pump_id_06_normal_00000209_27ff5a951d,audio/pump/id_06/normal/00000209.wav,0_dB_pump/pump/id_06/normal/00000209.wav,pump,id_06,normal,True,False,0,microphone_channel_1,16000,10.000000,160000,1fbb48fb689588120c6305c1dab22b03209064f46a71b727f8fe6c163dc27f8e
pump_id_06_normal_00000210_22c226b09e,audio/pump/id_06/normal/00000210.wav,0_dB_pump/pump/id_06/normal/00000210.wav,pump,id_06,normal,True,False,0,microphone_channel_1,16000,10.000000,160000,200ffae8e31ef7eb746fc2dc16a621a865945b4444dd4ed9f5b544189fd066dd
pump_id_06_normal_00000318_77a7d7bd4c,audio/pump/id_06/normal/00000318.wav,0_dB_pump/pump/id_06/normal/00000318.wav,pump,id_06,normal,True,False,0,microphone_channel_1,16000,10.000000,160000,2e8797f91406c12918e8a48409558249f1e2082d254087a5a0b046f351d4129b
pump_id_06_normal_00000320_55583b1529,audio/pump/id_06/normal/00000320.wav,0_dB_pump/pump/id_06/normal/00000320.wav,pump,id_06,normal,True,False,0,microphone_channel_1,16000,10.000000,160000,0200fcdae1e41f1af67205199a4f63d2d39f84d43dd8d6d6c3e3e4796a218c5a
pump_id_06_normal_00000440_65daeca3ea,audio/pump/id_06/normal/00000440.wav,0_dB_pump/pump/id_06/normal/00000440.wav,pump,id_06,normal,True,False,0,microphone_channel_1,16000,10.000000,160000,187ee86fbe7237189bebdad2ae1e50ceb4dc218e9dae6fddb80a961e17609922
pump_id_06_normal_00000443_62af385826,audio/pump/id_06/normal/00000443.wav,0_dB_pump/pump/id_06/normal/00000443.wav,pump,id_06,normal,True,False,0,microphone_channel_1,16000,10.000000,160000,512b2d1619ddf6ad8d9b9629df03f3e165f8621c625cd8f6dbd99206ff43cdb4
pump_id_06_normal_00000569_d9228184c3,audio/pump/id_06/normal/00000569.wav,0_dB_pump/pump/id_06/normal/00000569.wav,pump,id_06,normal,True,False,0,microphone_channel_1,16000,10.000000,160000,e08ff9fe2e0b763a9d70383629ac168d8936d6cf294b98e4ca1ecb7438723a33
pump_id_06_normal_00000573_e45114c61f,audio/pump/id_06/normal/00000573.wav,0_dB_pump/pump/id_06/normal/00000573.wav,pump,id_06,normal,True,False,0,microphone_channel_1,16000,10.000000,160000,fb4d07e90ebb4888e5abf9a5fb5fb6fd1451515203f274da9e0b9059f0103455
pump_id_06_normal_00000689_09a97f9131,audio/pump/id_06/normal/00000689.wav,0_dB_pump/pump/id_06/normal/00000689.wav,pump,id_06,normal,True,False,0,microphone_channel_1,16000,10.000000,160000,73b84e8c35b37118be04aac67857ac570ced0067af97ffcdfc642c3846200dae
pump_id_06_normal_00000694_ecd92cf90a,audio/pump/id_06/normal/00000694.wav,0_dB_pump/pump/id_06/normal/00000694.wav,pump,id_06,normal,True,False,0,microphone_channel_1,16000,10.000000,160000,da87c2013f42c117f869b951b2db5b82afbd518d87da4c2bdd399c8411bbcfed
slider_id_00_normal_00000189_78500bb7c9,audio/slider/id_00/normal/00000189.wav,0_dB_slider/slider/id_00/normal/00000189.wav,slider,id_00,normal,True,False,0,microphone_channel_1,16000,10.000000,160000,79c52d4726458a6a62c64fc93b85a40487c3106389aec0ad705e50c4aac8db60
slider_id_00_normal_00000190_2620f343d2,audio/slider/id_00/normal/00000190.wav,0_dB_slider/slider/id_00/normal/00000190.wav,slider,id_00,normal,True,False,0,microphone_channel_1,16000,10.000000,160000,f38a6402e593d739a6cab12109c51e5112bbff069134c26582c0c6cc0a16030e
slider_id_00_normal_00000198_7ac89a2860,audio/slider/id_00/normal/00000198.wav,0_dB_slider/slider/id_00/normal/00000198.wav,slider,id_00,normal,True,False,0,microphone_channel_1,16000,10.000000,160000,896fba37b4d4b386f7e2c9f6a4d9c71146a435f0dc36d71b4c32bd3f0f9ada4c
slider_id_00_normal_00000200_e13613f1ef,audio/slider/id_00/normal/00000200.wav,0_dB_slider/slider/id_00/normal/00000200.wav,slider,id_00,normal,True,False,0,microphone_channel_1,16000,10.000000,160000,f4d5f8f4b0bd868d5a695b0669fd122eea5f7e666560b0d50a1d180e434f4dd2
slider_id_00_normal_00000704_37548ba0a5,audio/slider/id_00/normal/00000704.wav,0_dB_slider/slider/id_00/normal/00000704.wav,slider,id_00,normal,True,False,0,microphone_channel_1,16000,10.000000,160000,a1f00f3c22a8ba8366565e20624097cbc1d69e137a7b5061a1b1ecc2723a7ba3
slider_id_00_normal_00000707_276a7e56b6,audio/slider/id_00/normal/00000707.wav,0_dB_slider/slider/id_00/normal/00000707.wav,slider,id_00,normal,True,False,0,microphone_channel_1,16000,10.000000,160000,e07b5b94389870523e583a952e705ccd49720970fcee3398da13e11fc44d636f
slider_id_00_normal_00000735_b4cf38f007,audio/slider/id_00/normal/00000735.wav,0_dB_slider/slider/id_00/normal/00000735.wav,slider,id_00,normal,True,False,0,microphone_channel_1,16000,10.000000,160000,69efe7291d7350daab55121db137bdda544b600300f0b42879f652d20acb2f08
slider_id_00_normal_00000739_f647862c10,audio/slider/id_00/normal/00000739.wav,0_dB_slider/slider/id_00/normal/00000739.wav,slider,id_00,normal,True,False,0,microphone_channel_1,16000,10.000000,160000,4fac96c1d44cb1a5859ddbe5795fbce7ae15f936d6b9c1b2ea39a8bd9ca0baad
slider_id_00_normal_00000778_b78be73b69,audio/slider/id_00/normal/00000778.wav,0_dB_slider/slider/id_00/normal/00000778.wav,slider,id_00,normal,True,False,0,microphone_channel_1,16000,10.000000,160000,295911d373d8a52b2090e72b49a347eccb42a8b317a4d48ef32624105757a39e
slider_id_00_normal_00000783_8bbf2355f8,audio/slider/id_00/normal/00000783.wav,0_dB_slider/slider/id_00/normal/00000783.wav,slider,id_00,normal,True,False,0,microphone_channel_1,16000,10.000000,160000,31b981588ce084a592ab26cc1b7046605315f12c88b5bf68dba2ad55313fbb83
slider_id_02_normal_00000088_4cce76c9de,audio/slider/id_02/normal/00000088.wav,0_dB_slider/slider/id_02/normal/00000088.wav,slider,id_02,normal,True,False,0,microphone_channel_1,16000,10.000000,160000,3251a54a14118c8dd8a68e11b3c6b58d723f986e9a9e4b0a55ad176af424f406
slider_id_02_normal_00000089_44a8e3baa7,audio/slider/id_02/normal/00000089.wav,0_dB_slider/slider/id_02/normal/00000089.wav,slider,id_02,normal,True,False,0,microphone_channel_1,16000,10.000000,160000,11259d1e76d0846f28137568a6b0448bd18ecc78061bc06a7d4bc1ccb8285129
slider_id_02_normal_00000255_0ed0e401f7,audio/slider/id_02/normal/00000255.wav,0_dB_slider/slider/id_02/normal/00000255.wav,slider,id_02,normal,True,False,0,microphone_channel_1,16000,10.000000,160000,f469789edea9907c75c88e9974f093d33f0d3ea39b9a156c606a0366edcbf6df
slider_id_02_normal_00000257_ab503f74df,audio/slider/id_02/normal/00000257.wav,0_dB_slider/slider/id_02/normal/00000257.wav,slider,id_02,normal,True,False,0,microphone_channel_1,16000,10.000000,160000,6fada3a9e48284fc5ea92d741957690d4692bc24731bd3c4322778714268cbd4
slider_id_02_normal_00000541_ddc2b6815f,audio/slider/id_02/normal/00000541.wav,0_dB_slider/slider/id_02/normal/00000541.wav,slider,id_02,normal,True,False,0,microphone_channel_1,16000,10.000000,160000,4d55e5da791356388492694099e166b8793d9ce0b69f424ab686d3ff5ed44a3d
slider_id_02_normal_00000544_add34dda3d,audio/slider/id_02/normal/00000544.wav,0_dB_slider/slider/id_02/normal/00000544.wav,slider,id_02,normal,True,False,0,microphone_channel_1,16000,10.000000,160000,566bfc99fef1c794a0c0f30ff0ad00436449d9e1b8a8de8ffedab416ef6774fb
slider_id_02_normal_00000775_e24aa761fb,audio/slider/id_02/normal/00000775.wav,0_dB_slider/slider/id_02/normal/00000775.wav,slider,id_02,normal,True,False,0,microphone_channel_1,16000,10.000000,160000,7d74e12baff8d495a437da9b5787b71b385fe8d86cab1116a918db2972d22d7b
slider_id_02_normal_00000779_5d5a15de3d,audio/slider/id_02/normal/00000779.wav,0_dB_slider/slider/id_02/normal/00000779.wav,slider,id_02,normal,True,False,0,microphone_channel_1,16000,10.000000,160000,a2fb2d26aab031b4e5392f29532f0d65b5e6b6779540e968c20fa357dacf5a53
slider_id_02_normal_00000940_eda1ceaadb,audio/slider/id_02/normal/00000940.wav,0_dB_slider/slider/id_02/normal/00000940.wav,slider,id_02,normal,True,False,0,microphone_channel_1,16000,10.000000,160000,75edcad92df0975d49f03e3a45fdf2dc34c4bb646a33ad2d3a74ae15a798c98f
slider_id_02_normal_00000945_94bb319a04,audio/slider/id_02/normal/00000945.wav,0_dB_slider/slider/id_02/normal/00000945.wav,slider,id_02,normal,True,False,0,microphone_channel_1,16000,10.000000,160000,1d2fa5c83aa97bdb576a14097b59c224c31e9fde7bf2f342e84a72bedaacba89
slider_id_04_normal_00000071_edb11e73da,audio/slider/id_04/normal/00000071.wav,0_dB_slider/slider/id_04/normal/00000071.wav,slider,id_04,normal,True,False,0,microphone_channel_1,16000,10.000000,160000,d761ccdcef0325aa7ee61a3a4b86d4355266a60e88b63d793b550fbbc358a72e
slider_id_04_normal_00000072_905aaf8d8e,audio/slider/id_04/normal/00000072.wav,0_dB_slider/slider/id_04/normal/00000072.wav,slider,id_04,normal,True,False,0,microphone_channel_1,16000,10.000000,160000,159fb833926e5d77c86e805b2ec16d224415eac108d181bb158eca479410dffe
slider_id_04_normal_00000080_b8f78b52ef,audio/slider/id_04/normal/00000080.wav,0_dB_slider/slider/id_04/normal/00000080.wav,slider,id_04,normal,True,False,0,microphone_channel_1,16000,10.000000,160000,7ee1b167063c060307d4a8b840d22b7824b189fcb88606b02a01d563c4b1dcfc
slider_id_04_normal_00000082_717c244869,audio/slider/id_04/normal/00000082.wav,0_dB_slider/slider/id_04/normal/00000082.wav,slider,id_04,normal,True,False,0,microphone_channel_1,16000,10.000000,160000,f1b4efabebf2e7f9dc06af722192496e3380021856417de93e70bc0eaf019b70
slider_id_04_normal_00000196_ba929c1c7b,audio/slider/id_04/normal/00000196.wav,0_dB_slider/slider/id_04/normal/00000196.wav,slider,id_04,normal,True,False,0,microphone_channel_1,16000,10.000000,160000,2ce7bd509cb77efa2597171037c9c49bfabc5dc845dc1ed98adfe27e55eacfe1
slider_id_04_normal_00000199_68af63f85b,audio/slider/id_04/normal/00000199.wav,0_dB_slider/slider/id_04/normal/00000199.wav,slider,id_04,normal,True,False,0,microphone_channel_1,16000,10.000000,160000,8dcf6e60343ff4669835c61bb3105a502024975ee793d76e6bc62735c485bc77
slider_id_04_normal_00000300_c033764411,audio/slider/id_04/normal/00000300.wav,0_dB_slider/slider/id_04/normal/00000300.wav,slider,id_04,normal,True,False,0,microphone_channel_1,16000,10.000000,160000,5fc43e3eaa6dfebb6dadf5e535884e5ed95135e4d915f21ceb192d59fa1d3526
slider_id_04_normal_00000304_751abd9370,audio/slider/id_04/normal/00000304.wav,0_dB_slider/slider/id_04/normal/00000304.wav,slider,id_04,normal,True,False,0,microphone_channel_1,16000,10.000000,160000,8113d3b2477de8ed9125d8278750b096640bc8053dd32e236e11e7ae23a81160
slider_id_04_normal_00000370_461927f275,audio/slider/id_04/normal/00000370.wav,0_dB_slider/slider/id_04/normal/00000370.wav,slider,id_04,normal,True,False,0,microphone_channel_1,16000,10.000000,160000,8aac1f2b47a5d039667f569a7f73d284dffb6ef788e657b22d519bf7b764b454
slider_id_04_normal_00000375_269a52cc76,audio/slider/id_04/normal/00000375.wav,0_dB_slider/slider/id_04/normal/00000375.wav,slider,id_04,normal,True,False,0,microphone_channel_1,16000,10.000000,160000,ca2f0db3ea917468c361514154776114976ad6d706d1d0a270c0926622270a65
slider_id_06_normal_00000046_b2a161b9ec,audio/slider/id_06/normal/00000046.wav,0_dB_slider/slider/id_06/normal/00000046.wav,slider,id_06,normal,True,False,0,microphone_channel_1,16000,10.000000,160000,84cc8f876d1e0be87a66f4595f26e994d94cc1f2821a33dbe95e164c184c4385
slider_id_06_normal_00000047_e8e899b23c,audio/slider/id_06/normal/00000047.wav,0_dB_slider/slider/id_06/normal/00000047.wav,slider,id_06,normal,True,False,0,microphone_channel_1,16000,10.000000,160000,dc92b2a6e2b466d9e13ac4bab2822f046d8cee679932bd60b81bd4118f08c2b0
slider_id_06_normal_00000081_7beb46d07d,audio/slider/id_06/normal/00000081.wav,0_dB_slider/slider/id_06/normal/00000081.wav,slider,id_06,normal,True,False,0,microphone_channel_1,16000,10.000000,160000,f27a9471d6c50ff96b1fc8a423ba82024923dc876769a3a0421fa4e73f29a386
slider_id_06_normal_00000083_3934ccbbc5,audio/slider/id_06/normal/00000083.wav,0_dB_slider/slider/id_06/normal/00000083.wav,slider,id_06,normal,True,False,0,microphone_channel_1,16000,10.000000,160000,21944aa2b9a5fb6ce8ff85df92828e31043db8f37ba0e8ea5b9879c3c77d445e
slider_id_06_normal_00000233_32538e64c3,audio/slider/id_06/normal/00000233.wav,0_dB_slider/slider/id_06/normal/00000233.wav,slider,id_06,normal,True,False,0,microphone_channel_1,16000,10.000000,160000,a565190c44e572fee53b9c6f3b955e83640564c8b738486e1cf2b3c4bee31e3b
slider_id_06_normal_00000236_49eed8f4f6,audio/slider/id_06/normal/00000236.wav,0_dB_slider/slider/id_06/normal/00000236.wav,slider,id_06,normal,True,False,0,microphone_channel_1,16000,10.000000,160000,b2ffc87c2e96da870c2d011eb6601923c1cc710bda04f6cffce5f925e2adbc16
slider_id_06_normal_00000238_d393ee6439,audio/slider/id_06/normal/00000238.wav,0_dB_slider/slider/id_06/normal/00000238.wav,slider,id_06,normal,True,False,0,microphone_channel_1,16000,10.000000,160000,4f738a7de44b20110dee9dc2ce13ea9c7d4396568a6f86ce86ff104eb32ee526
slider_id_06_normal_00000242_c145cb008b,audio/slider/id_06/normal/00000242.wav,0_dB_slider/slider/id_06/normal/00000242.wav,slider,id_06,normal,True,False,0,microphone_channel_1,16000,10.000000,160000,595bbb5ff9ac12eeef136684325ee71b3e2f97b4e18b3952383baded848d62ce
slider_id_06_normal_00000296_88d428d650,audio/slider/id_06/normal/00000296.wav,0_dB_slider/slider/id_06/normal/00000296.wav,slider,id_06,normal,True,False,0,microphone_channel_1,16000,10.000000,160000,ef1481b4a47dd2869d36c112111a9c7eddbfe899253d3128fa177425a8b2203a
slider_id_06_normal_00000301_9a3d4fe94a,audio/slider/id_06/normal/00000301.wav,0_dB_slider/slider/id_06/normal/00000301.wav,slider,id_06,normal,True,False,0,microphone_channel_1,16000,10.000000,160000,1c666bd8822d615b02475adeb00fa3aef383666c2276e3513d64ac4870ffb2fa
valve_id_00_normal_00000103_49a82751b5,audio/valve/id_00/normal/00000103.wav,0_dB_valve/valve/id_00/normal/00000103.wav,valve,id_00,normal,True,False,0,microphone_channel_1,16000,10.000000,160000,9427f0a3e09dab4324a58b3544b3314cf6e69cf478d3fc6294786a8f580b1924
valve_id_00_normal_00000104_a4361bf3e6,audio/valve/id_00/normal/00000104.wav,0_dB_valve/valve/id_00/normal/00000104.wav,valve,id_00,normal,True,False,0,microphone_channel_1,16000,10.000000,160000,7838708d36b2c93d1869c5a1e37f568e0a76c939f9d9b5d4abb86eb6c9346967
valve_id_00_normal_00000284_ea4593494b,audio/valve/id_00/normal/00000284.wav,0_dB_valve/valve/id_00/normal/00000284.wav,valve,id_00,normal,True,False,0,microphone_channel_1,16000,10.000000,160000,3b70471c37020ff07ec45b81c4f2dc240348c7f41f7822a4dcb042c49b3eaa9f
valve_id_00_normal_00000286_df762630f1,audio/valve/id_00/normal/00000286.wav,0_dB_valve/valve/id_00/normal/00000286.wav,valve,id_00,normal,True,False,0,microphone_channel_1,16000,10.000000,160000,26d5d4139c3b8a1e3e8dab721fefa05258bf78e2674c4189811e8faac3a320a8
valve_id_00_normal_00000389_f84a98383b,audio/valve/id_00/normal/00000389.wav,0_dB_valve/valve/id_00/normal/00000389.wav,valve,id_00,normal,True,False,0,microphone_channel_1,16000,10.000000,160000,3fc288119f92d6a0f9c7812fe7429e1109aaaa5e5547d69c4012e55a4ad469f3
valve_id_00_normal_00000392_044ae4326b,audio/valve/id_00/normal/00000392.wav,0_dB_valve/valve/id_00/normal/00000392.wav,valve,id_00,normal,True,False,0,microphone_channel_1,16000,10.000000,160000,9150684b16382ff9976f2e27f1fd42534703d65b63d282e7aecece793948eb10
valve_id_00_normal_00000464_331f5ff935,audio/valve/id_00/normal/00000464.wav,0_dB_valve/valve/id_00/normal/00000464.wav,valve,id_00,normal,True,False,0,microphone_channel_1,16000,10.000000,160000,4d4a75d5bbda7b88986ca92011e829123e58b647567700e55f32a636c3517716
valve_id_00_normal_00000468_3316c478a3,audio/valve/id_00/normal/00000468.wav,0_dB_valve/valve/id_00/normal/00000468.wav,valve,id_00,normal,True,False,0,microphone_channel_1,16000,10.000000,160000,2b22fa349251f9a1eef7af3ddacbc306ed247fa845dfb78929b3f6923a46cce4
valve_id_00_normal_00000887_056b60c048,audio/valve/id_00/normal/00000887.wav,0_dB_valve/valve/id_00/normal/00000887.wav,valve,id_00,normal,True,False,0,microphone_channel_1,16000,10.000000,160000,a731cb43fade0e50a2eec9484792b50a7d0ceb496877520b48c253f616e40942
valve_id_00_normal_00000892_7f51c1fbcc,audio/valve/id_00/normal/00000892.wav,0_dB_valve/valve/id_00/normal/00000892.wav,valve,id_00,normal,True,False,0,microphone_channel_1,16000,10.000000,160000,282779cde621e1083c23616faf9a47a93c5b15be1757a12213b816c1dea70e54
valve_id_02_normal_00000166_0e59633d0c,audio/valve/id_02/normal/00000166.wav,0_dB_valve/valve/id_02/normal/00000166.wav,valve,id_02,normal,True,False,0,microphone_channel_1,16000,10.000000,160000,762e25860adefce6aa46c8a968e8d6987de0c9f808e23226706b2dfa4e176766
valve_id_02_normal_00000167_509f607ffa,audio/valve/id_02/normal/00000167.wav,0_dB_valve/valve/id_02/normal/00000167.wav,valve,id_02,normal,True,False,0,microphone_channel_1,16000,10.000000,160000,567b6f0b2f878251894e1e0581c343abbcf99fcdb9b73e3508dea31db485e52d
valve_id_02_normal_00000363_50d664399f,audio/valve/id_02/normal/00000363.wav,0_dB_valve/valve/id_02/normal/00000363.wav,valve,id_02,normal,True,False,0,microphone_channel_1,16000,10.000000,160000,179cd198d5fe3aec97d06e231e08ae0d8907763f51c8cb062ec15b97744618c5
valve_id_02_normal_00000365_b7c1fdbd84,audio/valve/id_02/normal/00000365.wav,0_dB_valve/valve/id_02/normal/00000365.wav,valve,id_02,normal,True,False,0,microphone_channel_1,16000,10.000000,160000,78237ec7743b0baac1fae7880c84b3d193867ae73781867f8f2e54c7f87d809c
valve_id_02_normal_00000373_60abb8ece5,audio/valve/id_02/normal/00000373.wav,0_dB_valve/valve/id_02/normal/00000373.wav,valve,id_02,normal,True,False,0,microphone_channel_1,16000,10.000000,160000,50cd6e952cd75765f778bcdfebaab41e0ff8c8c2b010fec224156097e83b512d
valve_id_02_normal_00000376_318341967c,audio/valve/id_02/normal/00000376.wav,0_dB_valve/valve/id_02/normal/00000376.wav,valve,id_02,normal,True,False,0,microphone_channel_1,16000,10.000000,160000,de6b19134ba392076c55b09e640911ac2b75f01d3bef47c5828161d7fa5a02bb
valve_id_02_normal_00000379_5c3d56715b,audio/valve/id_02/normal/00000379.wav,0_dB_valve/valve/id_02/normal/00000379.wav,valve,id_02,normal,True,False,0,microphone_channel_1,16000,10.000000,160000,e1da06d82862407f4e4379cd7c05d22b6de5154a785e7e96d6a44f07d17b99d6
valve_id_02_normal_00000383_2c35f3e025,audio/valve/id_02/normal/00000383.wav,0_dB_valve/valve/id_02/normal/00000383.wav,valve,id_02,normal,True,False,0,microphone_channel_1,16000,10.000000,160000,375689e8a92915606d6527ac036b624d8f7d8cc5284ec09f1a2992103a6ffc65
valve_id_02_normal_00000650_92eec0427f,audio/valve/id_02/normal/00000650.wav,0_dB_valve/valve/id_02/normal/00000650.wav,valve,id_02,normal,True,False,0,microphone_channel_1,16000,10.000000,160000,67e2846cced6e071a0d591d3c5fa9b957323b6fe6dc990252b4ab699351fff05
valve_id_02_normal_00000655_5de0ff6752,audio/valve/id_02/normal/00000655.wav,0_dB_valve/valve/id_02/normal/00000655.wav,valve,id_02,normal,True,False,0,microphone_channel_1,16000,10.000000,160000,5ef4b3028b840a490f2954533b8dc62c4819deaf30c7d4a6e7b7c56f462768e5
valve_id_04_normal_00000214_005bb0c05d,audio/valve/id_04/normal/00000214.wav,0_dB_valve/valve/id_04/normal/00000214.wav,valve,id_04,normal,True,False,0,microphone_channel_1,16000,10.000000,160000,3c0b3c77be4b0c18ad5e99c2308c5376ac8a5e5ad2f9896b13362d0456e1abbc
valve_id_04_normal_00000215_1be306f635,audio/valve/id_04/normal/00000215.wav,0_dB_valve/valve/id_04/normal/00000215.wav,valve,id_04,normal,True,False,0,microphone_channel_1,16000,10.000000,160000,5e6b87e17553dbab4d7e3e83c039651120b8b6e4b56d0b43094adef0ab74e1da
valve_id_04_normal_00000273_caf5642a36,audio/valve/id_04/normal/00000273.wav,0_dB_valve/valve/id_04/normal/00000273.wav,valve,id_04,normal,True,False,0,microphone_channel_1,16000,10.000000,160000,ae1c8aa105e4da26a67a268e2621d91c620429ce1fb58d17717855b74b8c51e6
valve_id_04_normal_00000275_f1f802189f,audio/valve/id_04/normal/00000275.wav,0_dB_valve/valve/id_04/normal/00000275.wav,valve,id_04,normal,True,False,0,microphone_channel_1,16000,10.000000,160000,3a4153dc017618e65f143c0b765fa3060c2b9ef5a6ddaa45eb121f28647262ea
valve_id_04_normal_00000686_123857ed8b,audio/valve/id_04/normal/00000686.wav,0_dB_valve/valve/id_04/normal/00000686.wav,valve,id_04,normal,True,False,0,microphone_channel_1,16000,10.000000,160000,46c409bc39781e24400b77a751cf622ca661c3680b418398496e92c8fcadd2b8
valve_id_04_normal_00000689_b7068f456a,audio/valve/id_04/normal/00000689.wav,0_dB_valve/valve/id_04/normal/00000689.wav,valve,id_04,normal,True,False,0,microphone_channel_1,16000,10.000000,160000,7a8f5abb2effe446187fbb8affd3dc9f6c4d923689f0ea31a0a38610e82c51fa
valve_id_04_normal_00000718_a0684f569a,audio/valve/id_04/normal/00000718.wav,0_dB_valve/valve/id_04/normal/00000718.wav,valve,id_04,normal,True,False,0,microphone_channel_1,16000,10.000000,160000,f559e1786d94edde0785ad63c4320bc660595e5e7d6f0f8b08d390083e0cbc96
valve_id_04_normal_00000722_c27c660a53,audio/valve/id_04/normal/00000722.wav,0_dB_valve/valve/id_04/normal/00000722.wav,valve,id_04,normal,True,False,0,microphone_channel_1,16000,10.000000,160000,121df234ec5f7e47118cab8b358785d64a8a128715c72ada9fa28e66bb3f3863
valve_id_04_normal_00000959_0bde36453e,audio/valve/id_04/normal/00000959.wav,0_dB_valve/valve/id_04/normal/00000959.wav,valve,id_04,normal,True,False,0,microphone_channel_1,16000,10.000000,160000,ea76c979a65c49db979bbf988d02526ec6de6c3bb9933832df1479d3b9d0b288
valve_id_04_normal_00000964_104f9d156f,audio/valve/id_04/normal/00000964.wav,0_dB_valve/valve/id_04/normal/00000964.wav,valve,id_04,normal,True,False,0,microphone_channel_1,16000,10.000000,160000,9ba18d253fb892b302f76404014f11e266756fb8c5decf82b5af0de7efa2bcad
valve_id_06_normal_00000073_783aedcc8f,audio/valve/id_06/normal/00000073.wav,0_dB_valve/valve/id_06/normal/00000073.wav,valve,id_06,normal,True,False,0,microphone_channel_1,16000,10.000000,160000,d8da3cba3cf605d272e1b43d28b1031c72aa89a44cbdbcfd756af423e4f555f9
valve_id_06_normal_00000074_a015d3c7f3,audio/valve/id_06/normal/00000074.wav,0_dB_valve/valve/id_06/normal/00000074.wav,valve,id_06,normal,True,False,0,microphone_channel_1,16000,10.000000,160000,22d216abd183da22842b07484c6e6505ce8e212c0f85cc5d4655f7ca4b3b761e
valve_id_06_normal_00000623_43befdc9de,audio/valve/id_06/normal/00000623.wav,0_dB_valve/valve/id_06/normal/00000623.wav,valve,id_06,normal,True,False,0,microphone_channel_1,16000,10.000000,160000,3bdd94566ea134ed26ffe1643383b8da2cb3c50531aa0d721c5fa30180a6cb87
valve_id_06_normal_00000625_2ea83835af,audio/valve/id_06/normal/00000625.wav,0_dB_valve/valve/id_06/normal/00000625.wav,valve,id_06,normal,True,False,0,microphone_channel_1,16000,10.000000,160000,a45c671f3f14c6102394b3edf3c2b36141891a107ed8779962dadf8ff295b359
valve_id_06_normal_00000650_c64cbdec05,audio/valve/id_06/normal/00000650.wav,0_dB_valve/valve/id_06/normal/00000650.wav,valve,id_06,normal,True,False,0,microphone_channel_1,16000,10.000000,160000,e1aa6d80165ba77e1fde6da757b45fa9dcdc2657b95d697df788ebc8bfb55023
valve_id_06_normal_00000653_7a2fffa647,audio/valve/id_06/normal/00000653.wav,0_dB_valve/valve/id_06/normal/00000653.wav,valve,id_06,normal,True,False,0,microphone_channel_1,16000,10.000000,160000,d8b675fcc90bd8508af013037a1a19e1436a685b99ad12a560d83882ec011ee6
valve_id_06_normal_00000663_6d90ebfc82,audio/valve/id_06/normal/00000663.wav,0_dB_valve/valve/id_06/normal/00000663.wav,valve,id_06,normal,True,False,0,microphone_channel_1,16000,10.000000,160000,59af0adf401a80d7ecfcadf5b1f08405f8c47f2bae0e64e87acb8b4bdec97c1f
valve_id_06_normal_00000667_f9f959c27d,audio/valve/id_06/normal/00000667.wav,0_dB_valve/valve/id_06/normal/00000667.wav,valve,id_06,normal,True,False,0,microphone_channel_1,16000,10.000000,160000,dcfa03f5cc125ec45135ec87a07274db9e286a116096c6e63db0ccfed5652daf
valve_id_06_normal_00000699_f692554072,audio/valve/id_06/normal/00000699.wav,0_dB_valve/valve/id_06/normal/00000699.wav,valve,id_06,normal,True,False,0,microphone_channel_1,16000,10.000000,160000,7510c35a4057799d6a5dc4028c46dc54f681716c66f794e836417240e027d3fe
valve_id_06_normal_00000704_672ea21c3a,audio/valve/id_06/normal/00000704.wav,0_dB_valve/valve/id_06/normal/00000704.wav,valve,id_06,normal,True,False,0,microphone_channel_1,16000,10.000000,160000,7de1e1516696ba091f77d43a4190ffc99c1023f76febc33e8f72d5392ca50694
